{
	"name": "office_1",
	"type":"build",
	"floors":[
		{"floor":0,"corners":[[0,0],[0,5.8],[4,10],[24,10],[24,1.7],[17,1.7],[17,0]]}
	],
	"halls":[
		{"floor":0,"corners":[[0,4.5],[0,5.8],[24,5.8],[24,4.5],[13.3,4.5],[13.3,0],[12,0],[12,4.5]]}
	],
	"rooms":[
		{"floor":0,"corners":[[0,0],[0,4.5],[4,4.5],[4,0]]},
		{"floor":0,"corners":[[4,0],[4,4.5],[8,4.5],[8,0]]},
		{"floor":0,"corners":[[8,0],[8,4.5],[12,4.5],[12,0]]},
		{"floor":0,"corners":[[0,5.8],[4,5.8],[4,10]]},
		{"floor":0,"corners":[[4,5.8],[8,5.8],[8,10],[4,10]]},
		{"floor":0,"corners":[[8,5.8],[12,5.8],[12,10],[8,10]]},
		{"floor":0,"corners":[[12,5.8],[16,5.8],[16,10],[12,10]]},
		{"floor":0,"corners":[[16,5.8],[20,5.8],[20,10],[16,10]]},
		{"floor":0,"corners":[[20,5.8],[24,5.8],[24,10],[20,10]]},
		{"floor":0,"corners":[[13.3,0],[17,0],[17,1.7],[13.3,1.7]]},
		{"floor":0,"corners":[[13.3,1.7],[13.3,4.5],[17,4.5],[17,1.7]]},
		{"floor":0,"corners":[[17,1.7],[17,4.5],[24,4.5],[24,1.7]]}
	],
	"doors":[
		{"floor":0,"type":"buildingExit","position":[12.6,0]},
		{"floor":0,"type":"buildingExit","position":[0,5.2]},
		{"floor":0,"type":"buildingExit","position":[24,5.2]},
		{"floor":0,"type":"singleDoor","position":[2,4.5]},
		{"floor":0,"type":"singleDoor","position":[6,4.5]},
		{"floor":0,"type":"singleDoor","position":[10,4.5]},
		{"floor":0,"type":"singleDoor","position":[2,5.8]},
		{"floor":0,"type":"singleDoor","position":[6,5.8]},
		{"floor":0,"type":"singleDoor","position":[10,5.8]},
		{"floor":0,"type":"singleDoor","position":[14,5.8]},
		{"floor":0,"type":"singleDoor","position":[18,5.8]},
		{"floor":0,"type":"singleDoor","position":[22,5.8]},
		{"floor":0,"type":"singleDoor","position":[13.3,0.875]},
		{"floor":0,"type":"singleDoor","position":[13.3,3.1]},
		{"floor":0,"type":"singleDoor","position":[19,4.5]}
	],
	"people":[
		{"id":0,"floor":0,"position":[6,2]},
		{"id":1,"floor":0,"position":[8,6]},
		{"id":2,"floor":0,"position":[8,10]},
		{"id":3,"floor":0,"position":[8,14]},
		{"id":4,"floor":0,"position":[8,18]},
		{"id":5,"floor":0,"position":[8,22]},

		{"id":6,"floor":0,"position":[2,2]},
		{"id":7,"floor":0,"position":[2,6]},
		{"id":8,"floor":0,"position":[2,10]},

		{"id":9,"floor":0,"position":[1,15]},
		{"id":10,"floor":0,"position":[4,15]},
		{"id":11,"floor":0,"position":[4,22]}
	],
	"sensors":[
		{"sensorID":"","floor":0,"position":[2,2]},
		{"sensorID":"","floor":0,"position":[6,2]},
		{"sensorID":"","floor":0,"position":[10,2]},

		{"sensorID":"","floor":0,"position":[2,8]},
		{"sensorID":"","floor":0,"position":[6,8]},
		{"sensorID":"","floor":0,"position":[10,8]},
		{"sensorID":"","floor":0,"position":[14,8]},
		{"sensorID":"","floor":0,"position":[18,8]},
		{"sensorID":"","floor":0,"position":[22,8]},

		{"sensorID":"","floor":0,"position":[20,3.1]},
		{"sensorID":"","floor":0,"position":[15,3.1]},
		{"sensorID":"","floor":0,"position":[12.6,5.2]},
		{"sensorID":"","floor":0,"position":[15,0.9]},

		{"sensorID":"","floor":1,"position":[2,2]},
		{"sensorID":"","floor":1,"position":[6,2]},
		{"sensorID":"","floor":1,"position":[10,2]},

		{"sensorID":"","floor":1,"position":[2,8]},
		{"sensorID":"","floor":1,"position":[6,8]},
		{"sensorID":"","floor":1,"position":[10,8]},
		{"sensorID":"","floor":1,"position":[14,8]},
		{"sensorID":"","floor":1,"position":[18,8]},
		{"sensorID":"","floor":1,"position":[22,8]},

		{"sensorID":"","floor":1,"position":[20,3.1]},
		{"sensorID":"","floor":1,"position":[15,3.1]},
		{"sensorID":"","floor":1,"position":[12.6,5.2]},
		{"sensorID":"","floor":1,"position":[15,0.9]}
	]
}