{
	"type":"unity",
	"floors":[
		{
			"floor":0,
			"corners":[
				[0,0],[0,5.8],[4,10],[24,10],[24,1.7],[17,1.7],[17,0]
			]
		}
	],
	"halls":[
		{
			"floor":0,
			"corners":[
				[0,4.5],[0,5.8],[24,5.8],[24,4.5],[13.3,4.5],[13.3,0],[12,0],[12,4.5]
			]
		}
	],		
   	"rooms":[
		{
			"floor":0,
			"corners":[
				[0,0],[0,4.5],[4,4.5],[4,0]
			]
		},{
			"floor":0,
			"corners":[
				[4,0],[4,4.5],[8,4.5],[8,0]
			]
		},{
			"floor":0,
			"corners":[
				[8,0],[8,4.5],[12,4.5],[12,0]
			]
		},{
			"floor":0,
			"corners":[
				[0,5.8],[4,5.8],[4,10]
			]
		},{
			"floor":0,
			"corners":[
				[4,5.8],[8,5.8],[8,10],[4,10]
			]
		},{
			"floor":0,
			"corners":[
				[8,5.8],[12,5.8],[12,10],[8,10]
			]
		},{
			"floor":0,
			"corners":[
				[12,5.8],[16,5.8],[16,10],[12,10]
			]
		},{
			"floor":0,
			"corners":[
				[16,5.8],[20,5.8],[20,10],[16,10]
			]
		},{
			"floor":0,
			"corners":[
				[20,5.8],[24,5.8],[24,10],[20,10]
			]
		},{
			"floor":0,
			"corners":[
				[13.3,0],[17,0],[17,1.7],[13.3,1.7]
			]
		},{
			"floor":0,
			"corners":[
				[13.3,1.7],[13.3,4.5],[17,4.5],[17,1.7]
			]
		},{
			"floor":0,
			"corners":[
				[17,1.7],[17,4.5],[24,4.5],[24,1.7]
			]
		}
	],

	"doors":[
		{
			"floor": 0, 
			"type": "buildingExit",
			"position": [12.6,0]
		},{
			"floor": 0, 
			"type": "buildingExit",
			"position": [0,5.2]
		},{
			"floor": 0, 
			"type": "buildingExit",
			"position": [24,5.2]
		},{
			"floor": 0, 
			"type": "singleDoor",
			"position": [2,4.5]
		},{
			"floor": 0, 
			"type": "singleDoor",
			"position": [6,4.5]
		},{
			"floor": 0, 
			"type": "singleDoor",
			"position": [10,4.5]
		},{
			"floor": 0, 
			"type": "singleDoor",
			"position": [2,5.8]
		},{
			"floor": 0, 
			"type": "singleDoor",
			"position": [6,5.8]
		},{
			"floor": 0, 
			"type": "singleDoor",
			"position": [10,5.8]
		},{
			"floor": 0, 
			"type": "singleDoor",
			"position": [14,5.8]
		},{
			"floor": 0, 
			"type": "singleDoor",
			"position": [18,5.8]
		},{
			"floor": 0, 
			"type": "singleDoor",
			"position": [22,5.8]
		},{
			"floor": 0, 
			"type": "singleDoor",
			"position": [13.3,0.875]
		},{
			"floor": 0, 
			"type": "singleDoor",
			"position": [13.3,3.1]
		},{
			"floor": 0, 
			"type": "singleDoor",
			"position": [22,4.5]
		},{
			"floor": 0, 
			"type": "singleDoor",
			"position": [19,4.5]
		}
	],
	"people":[
		{
			"floor": 0,
			"id": 0,
			"position": [2,2]
		},{
			"floor": 0,
			"id": 1,
			"position": [2,2]
		}	
	]
}