{"doors":[{"position":[12.6,0],"floor":0,"type":"buildingExit"},{"position":[0,5.2],"floor":0,"type":"buildingExit"},{"position":[24,5.2],"floor":0,"type":"buildingExit"},{"position":[2,4.5],"floor":0,"type":"singleDoor"},{"position":[6,4.5],"floor":0,"type":"singleDoor"},{"position":[10,4.5],"floor":0,"type":"singleDoor"},{"position":[2,5.8],"floor":0,"type":"singleDoor"},{"position":[6,5.8],"floor":0,"type":"singleDoor"},{"position":[10,5.8],"floor":0,"type":"singleDoor"},{"position":[14,5.8],"floor":0,"type":"singleDoor"},{"position":[18,5.8],"floor":0,"type":"singleDoor"},{"position":[22,5.8],"floor":0,"type":"singleDoor"},{"position":[13.3,0.875],"floor":0,"type":"singleDoor"},{"position":[13.3,3.1],"floor":0,"type":"singleDoor"},{"position":[19,4.5],"floor":0,"type":"singleDoor"}],"rooms":[{"corners":[[0,0],[0,4.5],[4,4.5],[4,0]],"floor":0},{"corners":[[4,0],[4,4.5],[8,4.5],[8,0]],"floor":0},{"corners":[[8,0],[8,4.5],[12,4.5],[12,0]],"floor":0},{"corners":[[0,5.8],[4,5.8],[4,10]],"floor":0},{"corners":[[4,5.8],[8,5.8],[8,10],[4,10]],"floor":0},{"corners":[[8,5.8],[12,5.8],[12,10],[8,10]],"floor":0},{"corners":[[12,5.8],[16,5.8],[16,10],[12,10]],"floor":0},{"corners":[[16,5.8],[20,5.8],[20,10],[16,10]],"floor":0},{"corners":[[20,5.8],[24,5.8],[24,10],[20,10]],"floor":0},{"corners":[[13.3,0],[17,0],[17,1.7],[13.3,1.7]],"floor":0},{"corners":[[13.3,1.7],[13.3,4.5],[17,4.5],[17,1.7]],"floor":0},{"corners":[[17,1.7],[17,4.5],[24,4.5],[24,1.7]],"floor":0}],"floors":[{"corners":[[0,0],[0,5.8],[4,10],[24,10],[24,1.7],[17,1.7],[17,0]],"floor":0}],"type":"build","halls":[{"corners":[[0,4.5],[0,5.8],[24,5.8],[24,4.5],[13.3,4.5],[13.3,0],[12,0],[12,4.5]],"floor":0}],"people":[{"id":0,"position":[6,2],"floor":0},{"id":1,"position":[8,6],"floor":0},{"id":2,"position":[8,10],"floor":0},{"id":3,"position":[8,14],"floor":0},{"id":4,"position":[8,18],"floor":0},{"id":5,"position":[8,22],"floor":0},{"id":6,"position":[2,2],"floor":0},{"id":7,"position":[2,6],"floor":0},{"id":8,"position":[2,10],"floor":0},{"id":9,"position":[1,15],"floor":0},{"id":10,"position":[4,15],"floor":0},{"id":11,"position":[4,22],"floor":0}]}